user_id,event_time,product_category,action_type,device_type,purchase_amount,session_duration,items_viewed,cart_value
user_089,2024-01-01 03:49:27,Sports,view,tablet,0.0,1090,8,10.04
user_008,2024-01-01 06:19:13,Home & Garden,purchase,mobile,68.78,1048,12,355.9
user_071,2024-01-01 09:18:13,Toys,purchase,desktop,167.89,934,8,546.98
user_062,2024-01-01 10:58:39,Sports,purchase,mobile,96.95,1673,14,697.2
user_078,2024-01-01 16:56:08,Food & Beverage,view,mobile,0.0,1347,5,42.3
user_078,2024-01-01 18:31:54,Sports,add_to_cart,mobile,0.0,1148,10,306.23
user_043,2024-01-01 21:24:54,Books,view,desktop,0.0,517,7,98.4
user_050,2024-01-01 22:13:13,Books,purchase,desktop,40.65,238,13,700.13
user_020,2024-01-01 23:34:32,Beauty,add_to_cart,mobile,0.0,623,13,784.93
user_032,2024-01-02 01:37:50,Food & Beverage,add_to_cart,mobile,0.0,1608,2,213.99
user_049,2024-01-02 03:49:45,Sports,view,tablet,0.0,536,12,198.9
user_056,2024-01-02 09:59:51,Food & Beverage,view,mobile,0.0,1115,11,191.16
user_037,2024-01-02 10:44:51,Clothing,view,mobile,0.0,709,4,148.0
user_046,2024-01-02 15:08:12,Toys,wishlist,desktop,0.0,1043,7,136.93
user_078,2024-01-02 20:49:40,Toys,view,desktop,0.0,683,9,112.98
user_008,2024-01-03 04:37:45,Home & Garden,purchase,desktop,431.72,178,6,569.53
user_041,2024-01-03 06:37:09,Toys,remove_from_cart,mobile,0.0,1184,4,113.33
user_081,2024-01-03 09:26:43,Home & Garden,view,mobile,0.0,1540,11,4.3
user_014,2024-01-03 09:55:56,Toys,view,mobile,0.0,1483,2,180.77
user_033,2024-01-03 11:50:04,Beauty,view,desktop,0.0,242,13,116.37
user_021,2024-01-03 15:05:00,Electronics,view,mobile,0.0,1364,10,177.37
user_025,2024-01-03 21:00:40,Sports,view,tablet,0.0,669,3,20.54
user_061,2024-01-03 23:34:03,Beauty,view,mobile,0.0,1364,1,150.84
user_018,2024-01-04 03:47:03,Clothing,view,mobile,0.0,396,7,120.91
user_019,2024-01-04 10:56:26,Toys,view,desktop,0.0,1712,15,127.36
user_073,2024-01-05 05:38:20,Sports,add_to_cart,mobile,0.0,1046,3,278.3
user_061,2024-01-05 09:26:11,Home & Garden,purchase,tablet,326.47,890,6,794.42
user_029,2024-01-05 13:48:00,Books,wishlist,mobile,0.0,1404,4,151.55
user_098,2024-01-05 13:56:58,Clothing,view,mobile,0.0,800,8,91.93
user_073,2024-01-05 19:09:43,Food & Beverage,remove_from_cart,mobile,0.0,1592,2,114.78
user_014,2024-01-05 21:32:37,Electronics,view,tablet,0.0,118,2,60.33
user_036,2024-01-05 22:23:13,Food & Beverage,view,mobile,0.0,772,2,196.18
user_001,2024-01-06 00:15:02,Food & Beverage,view,tablet,0.0,396,15,192.06
user_098,2024-01-06 00:54:08,Home & Garden,view,tablet,0.0,1303,5,175.69
user_035,2024-01-06 02:43:59,Books,remove_from_cart,desktop,0.0,97,3,185.74
user_046,2024-01-06 07:48:31,Sports,view,mobile,0.0,117,11,41.35
user_004,2024-01-06 10:50:03,Books,view,mobile,0.0,530,9,82.41
user_047,2024-01-06 12:03:36,Sports,view,mobile,0.0,821,9,90.07
user_095,2024-01-06 14:58:51,Sports,view,mobile,0.0,338,1,90.1
user_095,2024-01-06 17:24:33,Electronics,view,mobile,0.0,653,13,165.52
user_028,2024-01-06 18:11:21,Clothing,view,mobile,0.0,880,3,139.25
user_079,2024-01-06 18:41:43,Toys,wishlist,mobile,0.0,1660,7,21.19
user_048,2024-01-06 22:33:27,Sports,remove_from_cart,mobile,0.0,1604,7,70.1
user_081,2024-01-06 23:59:35,Clothing,view,desktop,0.0,436,6,177.5
user_088,2024-01-07 04:09:51,Books,view,mobile,0.0,1172,13,83.23
user_060,2024-01-07 05:59:36,Toys,purchase,mobile,24.44,1429,7,154.78
user_025,2024-01-07 08:24:43,Electronics,remove_from_cart,mobile,0.0,1589,10,144.85
user_013,2024-01-07 09:24:55,Toys,view,tablet,0.0,357,14,65.48
user_093,2024-01-07 09:38:19,Beauty,view,desktop,0.0,346,11,96.43
user_020,2024-01-07 11:00:27,Clothing,view,desktop,0.0,1259,8,39.93
user_086,2024-01-07 12:24:26,Beauty,wishlist,mobile,0.0,1553,5,40.62
user_063,2024-01-07 13:09:13,Food & Beverage,view,mobile,0.0,967,12,38.83
user_035,2024-01-07 14:41:00,Clothing,view,mobile,0.0,1775,15,132.01
user_100,2024-01-07 20:21:17,Clothing,purchase,mobile,206.0,930,15,766.04
user_081,2024-01-08 07:04:57,Electronics,remove_from_cart,mobile,0.0,517,5,133.79
user_095,2024-01-08 07:36:54,Toys,view,desktop,0.0,1761,3,35.22
user_011,2024-01-08 10:22:56,Toys,view,tablet,0.0,1607,4,149.53
user_082,2024-01-08 11:35:47,Toys,purchase,desktop,38.56,1293,5,432.63
user_083,2024-01-08 16:02:53,Clothing,remove_from_cart,desktop,0.0,1595,1,82.47
user_053,2024-01-08 16:19:36,Beauty,add_to_cart,mobile,0.0,1212,11,278.73
user_015,2024-01-08 17:57:32,Sports,add_to_cart,mobile,0.0,701,14,425.86
user_025,2024-01-09 00:55:51,Sports,purchase,desktop,174.57,1215,6,531.48
user_041,2024-01-09 02:24:35,Toys,add_to_cart,tablet,0.0,1094,8,735.38
user_091,2024-01-09 02:35:18,Beauty,view,desktop,0.0,493,10,192.6
user_046,2024-01-09 04:17:53,Electronics,view,mobile,0.0,1124,14,33.19
user_035,2024-01-09 06:58:36,Beauty,view,mobile,0.0,1346,8,28.57
user_022,2024-01-09 11:12:21,Sports,add_to_cart,tablet,0.0,281,4,673.72
user_007,2024-01-09 11:22:28,Food & Beverage,add_to_cart,desktop,0.0,992,12,434.88
user_077,2024-01-09 12:24:38,Food & Beverage,add_to_cart,tablet,0.0,1792,1,550.61
user_047,2024-01-09 16:34:32,Electronics,view,mobile,0.0,1331,7,196.2
user_091,2024-01-09 17:45:49,Sports,view,mobile,0.0,1135,2,129.8
user_083,2024-01-09 20:52:29,Books,add_to_cart,mobile,0.0,122,1,257.39
user_034,2024-01-10 00:04:12,Food & Beverage,purchase,mobile,425.15,1686,6,115.56
user_078,2024-01-10 00:59:58,Sports,add_to_cart,tablet,0.0,1734,2,385.08
user_005,2024-01-10 02:36:46,Books,purchase,mobile,253.86,1367,11,20.67
user_062,2024-01-10 07:24:05,Clothing,view,mobile,0.0,642,3,76.54
user_015,2024-01-10 07:46:28,Beauty,view,desktop,0.0,697,4,155.79
user_094,2024-01-10 09:04:13,Clothing,view,mobile,0.0,819,4,38.62
user_092,2024-01-11 11:59:28,Books,add_to_cart,mobile,0.0,1725,9,231.47
user_068,2024-01-11 12:55:19,Beauty,view,desktop,0.0,186,9,126.64
user_031,2024-01-11 14:28:51,Food & Beverage,view,mobile,0.0,677,2,196.12
user_044,2024-01-11 16:41:11,Electronics,view,mobile,0.0,929,9,104.54
user_009,2024-01-12 02:05:27,Clothing,add_to_cart,mobile,0.0,296,9,66.78
user_074,2024-01-12 03:42:26,Toys,view,mobile,0.0,735,10,131.08
user_016,2024-01-12 03:45:28,Beauty,view,desktop,0.0,1518,13,195.03
user_065,2024-01-12 07:27:18,Toys,view,mobile,0.0,1004,10,149.06
user_004,2024-01-12 07:43:53,Electronics,wishlist,desktop,0.0,581,10,8.05
user_021,2024-01-12 08:49:25,Beauty,add_to_cart,mobile,0.0,440,9,31.98
user_063,2024-01-12 15:22:26,Beauty,view,mobile,0.0,359,6,82.32
user_036,2024-01-12 20:23:16,Clothing,view,tablet,0.0,368,1,79.26
user_007,2024-01-12 20:27:53,Books,view,mobile,0.0,297,11,195.95
user_008,2024-01-12 20:36:14,Electronics,remove_from_cart,mobile,0.0,1745,3,186.78
user_064,2024-01-12 21:39:21,Electronics,view,desktop,0.0,1466,9,158.29
user_073,2024-01-13 02:34:13,Books,view,mobile,0.0,170,15,48.85
user_002,2024-01-13 03:58:38,Sports,add_to_cart,mobile,0.0,1403,6,42.81
user_087,2024-01-13 04:48:50,Toys,remove_from_cart,tablet,0.0,1373,3,140.28
user_011,2024-01-13 05:49:34,Electronics,add_to_cart,mobile,0.0,1319,13,186.27
user_007,2024-01-13 05:55:02,Books,view,desktop,0.0,902,12,23.18
user_001,2024-01-13 06:58:32,Food & Beverage,view,desktop,0.0,930,11,191.54
user_007,2024-01-13 13:21:45,Food & Beverage,view,desktop,0.0,40,9,195.57
user_040,2024-01-13 14:39:10,Clothing,purchase,mobile,253.59,1666,10,192.04
user_009,2024-01-13 18:48:00,Sports,add_to_cart,tablet,0.0,381,15,608.12
user_020,2024-01-14 05:28:29,Beauty,view,desktop,0.0,1607,4,90.38
user_062,2024-01-14 07:24:36,Beauty,add_to_cart,tablet,0.0,634,1,782.79
user_013,2024-01-14 18:49:06,Books,remove_from_cart,tablet,0.0,871,5,76.6
user_048,2024-01-14 21:14:30,Electronics,add_to_cart,tablet,0.0,701,15,495.85
user_082,2024-01-15 00:47:17,Sports,view,desktop,0.0,1415,12,178.43
user_064,2024-01-15 03:15:56,Home & Garden,view,mobile,0.0,1551,12,189.19
user_074,2024-01-15 08:49:34,Beauty,add_to_cart,desktop,0.0,1586,12,364.26
user_066,2024-01-15 12:57:36,Sports,view,desktop,0.0,33,9,185.11
user_087,2024-01-15 13:37:19,Electronics,add_to_cart,mobile,0.0,1372,13,778.19
user_089,2024-01-16 11:32:46,Electronics,purchase,mobile,38.66,684,8,705.08
user_032,2024-01-16 14:08:51,Food & Beverage,add_to_cart,tablet,0.0,1249,6,761.02
user_018,2024-01-16 18:46:24,Beauty,wishlist,mobile,0.0,316,4,55.39
user_095,2024-01-16 23:48:30,Sports,add_to_cart,desktop,0.0,842,15,206.67
user_025,2024-01-17 01:27:05,Toys,view,desktop,0.0,332,14,119.0
user_094,2024-01-17 03:24:42,Beauty,add_to_cart,mobile,0.0,1277,15,560.15
user_016,2024-01-17 06:00:39,Books,view,mobile,0.0,1051,9,161.48
user_071,2024-01-17 06:26:42,Toys,add_to_cart,tablet,0.0,1290,10,254.73
user_029,2024-01-17 06:46:01,Home & Garden,view,desktop,0.0,1652,1,75.03
user_052,2024-01-17 11:32:35,Clothing,view,mobile,0.0,577,8,49.58
user_088,2024-01-17 15:58:31,Clothing,remove_from_cart,mobile,0.0,159,5,130.99
user_019,2024-01-17 17:16:51,Home & Garden,view,tablet,0.0,299,1,71.64
user_085,2024-01-17 19:34:52,Electronics,remove_from_cart,desktop,0.0,1359,7,104.4
user_017,2024-01-17 21:30:35,Home & Garden,view,tablet,0.0,896,4,185.77
user_051,2024-01-17 21:41:19,Food & Beverage,view,desktop,0.0,178,1,91.65
user_087,2024-01-17 22:41:11,Beauty,add_to_cart,desktop,0.0,1181,8,474.58
user_024,2024-01-18 02:45:49,Food & Beverage,view,mobile,0.0,1650,4,177.15
user_078,2024-01-18 08:03:41,Food & Beverage,remove_from_cart,desktop,0.0,240,12,169.17
user_077,2024-01-18 09:20:38,Sports,view,mobile,0.0,845,6,58.29
user_098,2024-01-18 11:18:30,Electronics,add_to_cart,mobile,0.0,1577,8,253.69
user_029,2024-01-18 15:09:29,Beauty,view,desktop,0.0,994,13,107.5
user_067,2024-01-18 15:48:23,Books,add_to_cart,mobile,0.0,701,8,110.25
user_008,2024-01-18 16:18:14,Beauty,add_to_cart,desktop,0.0,1706,6,204.78
user_036,2024-01-18 17:12:16,Clothing,add_to_cart,tablet,0.0,1769,9,512.66
user_097,2024-01-18 20:43:09,Clothing,add_to_cart,mobile,0.0,1361,3,363.27
user_091,2024-01-18 22:00:10,Food & Beverage,wishlist,desktop,0.0,1633,14,144.15
user_064,2024-01-18 22:47:46,Toys,view,desktop,0.0,414,2,186.03
user_029,2024-01-18 23:25:50,Books,wishlist,mobile,0.0,1417,15,182.82
user_097,2024-01-19 01:17:49,Toys,view,mobile,0.0,423,15,168.3
user_049,2024-01-19 01:42:03,Sports,view,desktop,0.0,616,11,50.11
user_010,2024-01-19 07:55:43,Toys,wishlist,desktop,0.0,779,2,158.13
user_014,2024-01-19 08:12:11,Home & Garden,purchase,desktop,96.79,1612,11,405.4
user_092,2024-01-19 09:27:00,Beauty,view,mobile,0.0,1390,11,17.12
user_094,2024-01-19 11:19:21,Food & Beverage,purchase,desktop,180.66,229,8,583.15
user_011,2024-01-19 19:59:52,Home & Garden,purchase,desktop,212.33,814,4,535.31
user_001,2024-01-19 21:09:28,Books,view,desktop,0.0,430,4,136.3
user_008,2024-01-19 22:17:05,Electronics,remove_from_cart,tablet,0.0,1094,7,140.16
user_032,2024-01-20 00:59:26,Electronics,view,mobile,0.0,1749,12,175.43
user_007,2024-01-20 04:12:21,Toys,wishlist,tablet,0.0,967,3,63.27
user_035,2024-01-20 05:17:07,Electronics,wishlist,desktop,0.0,239,4,108.5
user_075,2024-01-20 05:42:39,Beauty,purchase,desktop,414.36,88,2,55.45
user_042,2024-01-20 09:39:39,Clothing,purchase,desktop,264.76,1038,13,383.49
user_029,2024-01-20 10:57:25,Home & Garden,view,mobile,0.0,1418,10,174.53
user_065,2024-01-20 11:01:30,Clothing,view,tablet,0.0,205,2,166.26
user_091,2024-01-20 13:11:46,Books,add_to_cart,tablet,0.0,1616,8,382.59
user_068,2024-01-20 14:18:52,Books,add_to_cart,mobile,0.0,1619,11,414.64
user_063,2024-01-20 14:34:30,Beauty,view,desktop,0.0,802,8,186.56
user_076,2024-01-20 18:57:00,Toys,wishlist,mobile,0.0,993,12,153.71
user_048,2024-01-20 23:54:05,Clothing,add_to_cart,mobile,0.0,1301,15,135.18
user_089,2024-01-21 01:13:52,Books,view,desktop,0.0,951,12,66.93
user_076,2024-01-21 04:40:32,Electronics,remove_from_cart,mobile,0.0,370,5,184.48
user_031,2024-01-21 05:56:26,Electronics,view,tablet,0.0,1632,15,82.34
user_024,2024-01-21 11:38:45,Clothing,add_to_cart,mobile,0.0,706,12,108.39
user_079,2024-01-21 12:35:24,Electronics,purchase,tablet,287.08,1380,14,137.06
user_040,2024-01-21 12:43:32,Books,add_to_cart,desktop,0.0,634,6,499.4
user_037,2024-01-21 14:53:34,Books,add_to_cart,tablet,0.0,1369,9,26.09
user_071,2024-01-21 15:24:04,Beauty,view,desktop,0.0,912,13,196.03
user_007,2024-01-21 18:49:13,Sports,add_to_cart,desktop,0.0,581,11,339.41
user_035,2024-01-22 08:58:52,Food & Beverage,wishlist,mobile,0.0,723,13,23.03
user_060,2024-01-22 13:18:39,Electronics,add_to_cart,tablet,0.0,979,14,523.95
user_071,2024-01-22 14:15:59,Electronics,view,desktop,0.0,1324,10,75.22
user_079,2024-01-22 18:35:54,Sports,view,tablet,0.0,1031,14,199.12
user_100,2024-01-22 18:48:10,Food & Beverage,purchase,desktop,73.4,918,11,354.93
user_042,2024-01-22 19:29:53,Beauty,view,desktop,0.0,528,7,117.77
user_084,2024-01-22 19:56:27,Home & Garden,view,mobile,0.0,419,7,139.43
user_080,2024-01-22 23:28:02,Toys,view,desktop,0.0,939,10,56.98
user_059,2024-01-22 23:50:22,Home & Garden,view,desktop,0.0,406,15,177.86
user_082,2024-01-23 11:32:14,Clothing,wishlist,desktop,0.0,514,13,98.8
user_009,2024-01-23 14:55:39,Food & Beverage,add_to_cart,tablet,0.0,535,7,335.79
user_097,2024-01-23 15:33:41,Food & Beverage,remove_from_cart,mobile,0.0,1228,7,126.95
user_083,2024-01-23 17:10:31,Books,view,mobile,0.0,953,10,10.72
user_005,2024-01-23 17:42:55,Books,remove_from_cart,mobile,0.0,912,3,62.49
user_034,2024-01-23 18:16:02,Clothing,add_to_cart,mobile,0.0,1640,6,360.38
user_019,2024-01-23 22:03:26,Books,view,desktop,0.0,943,5,125.28
user_044,2024-01-23 22:19:01,Clothing,view,tablet,0.0,321,12,45.31
user_051,2024-01-23 22:38:57,Food & Beverage,add_to_cart,mobile,0.0,1704,4,576.05
user_094,2024-01-24 00:39:54,Beauty,purchase,mobile,363.28,1378,9,658.85
user_044,2024-01-24 01:16:55,Food & Beverage,view,mobile,0.0,1037,2,115.4
user_092,2024-01-24 02:31:21,Home & Garden,view,mobile,0.0,955,5,41.87
user_011,2024-01-24 02:38:04,Sports,view,tablet,0.0,1196,4,115.78
user_088,2024-01-24 05:11:05,Toys,add_to_cart,mobile,0.0,1224,3,201.1
user_081,2024-01-24 05:40:42,Toys,view,desktop,0.0,434,8,118.43
user_028,2024-01-24 08:17:28,Home & Garden,view,desktop,0.0,533,11,59.02
user_012,2024-01-24 13:28:35,Toys,view,mobile,0.0,1165,2,119.38
user_044,2024-01-24 15:44:31,Beauty,remove_from_cart,desktop,0.0,1670,2,145.41
user_099,2024-01-24 19:42:32,Books,view,desktop,0.0,958,10,118.11
user_005,2024-01-25 00:46:37,Sports,view,mobile,0.0,1137,11,61.54
user_087,2024-01-25 05:39:54,Toys,purchase,desktop,52.49,1400,2,164.12
user_013,2024-01-25 09:14:23,Home & Garden,view,desktop,0.0,289,5,9.1
user_029,2024-01-25 17:39:44,Clothing,view,tablet,0.0,268,14,26.25
user_032,2024-01-26 00:39:09,Sports,view,desktop,0.0,1185,4,93.0
user_100,2024-01-26 02:28:32,Electronics,purchase,tablet,85.49,726,15,397.1
user_063,2024-01-26 03:08:54,Clothing,view,tablet,0.0,941,2,162.09
user_092,2024-01-26 14:05:16,Beauty,add_to_cart,tablet,0.0,1661,3,580.32
user_073,2024-01-26 18:34:11,Electronics,wishlist,mobile,0.0,1480,4,87.69
user_078,2024-01-26 18:36:41,Home & Garden,wishlist,mobile,0.0,695,11,102.08
user_017,2024-01-27 04:05:27,Clothing,view,desktop,0.0,1581,7,8.5
user_011,2024-01-27 05:25:06,Clothing,view,tablet,0.0,1153,1,5.27
user_004,2024-01-27 05:40:18,Clothing,view,mobile,0.0,1637,7,94.18
user_028,2024-01-27 17:33:48,Books,add_to_cart,desktop,0.0,319,12,565.02
user_017,2024-01-27 20:08:37,Sports,remove_from_cart,mobile,0.0,1474,15,104.76
user_046,2024-01-27 21:15:42,Clothing,view,desktop,0.0,862,10,149.89
user_034,2024-01-28 01:59:03,Toys,add_to_cart,desktop,0.0,1056,13,344.03
user_086,2024-01-28 03:15:40,Toys,view,mobile,0.0,595,10,23.93
user_086,2024-01-28 07:43:48,Clothing,add_to_cart,desktop,0.0,770,2,735.44
user_051,2024-01-28 14:52:50,Sports,add_to_cart,mobile,0.0,878,1,742.76
user_072,2024-01-28 15:13:55,Beauty,view,tablet,0.0,463,15,38.0
user_001,2024-01-28 18:04:02,Toys,view,mobile,0.0,153,15,178.83
user_085,2024-01-28 20:40:38,Electronics,view,mobile,0.0,287,13,112.91
user_093,2024-01-28 20:47:09,Toys,add_to_cart,mobile,0.0,474,2,719.33
user_048,2024-01-29 00:20:59,Clothing,purchase,desktop,397.77,311,1,243.76
user_085,2024-01-29 00:21:22,Books,add_to_cart,mobile,0.0,247,1,719.55
user_017,2024-01-29 00:48:01,Books,view,desktop,0.0,898,9,75.85
user_100,2024-01-29 04:12:52,Toys,view,desktop,0.0,1350,2,116.46
user_034,2024-01-29 11:05:38,Electronics,add_to_cart,tablet,0.0,850,10,531.81
user_024,2024-01-29 19:53:16,Sports,view,desktop,0.0,1191,14,10.88
user_072,2024-01-29 23:41:35,Toys,view,desktop,0.0,1665,12,57.52
user_056,2024-01-30 02:21:38,Toys,wishlist,mobile,0.0,1328,5,156.7
user_070,2024-01-30 02:28:19,Beauty,view,mobile,0.0,51,1,104.66
user_081,2024-01-30 02:45:09,Electronics,view,mobile,0.0,153,10,127.54
user_042,2024-01-30 03:15:47,Toys,remove_from_cart,mobile,0.0,481,2,94.19
user_027,2024-01-30 06:53:15,Beauty,view,mobile,0.0,190,11,191.15
user_088,2024-01-30 13:15:36,Home & Garden,view,mobile,0.0,1269,6,89.83
user_034,2024-01-30 15:23:18,Electronics,view,mobile,0.0,370,10,184.82
user_100,2024-01-30 19:51:22,Sports,add_to_cart,desktop,0.0,1418,13,582.31
user_079,2024-01-30 22:18:12,Electronics,view,mobile,0.0,1661,2,147.49
user_037,2024-01-30 23:05:27,Clothing,purchase,desktop,59.24,370,12,253.57
user_043,2024-01-31 00:00:42,Clothing,remove_from_cart,desktop,0.0,1400,8,29.83
user_040,2024-01-31 01:15:56,Clothing,view,mobile,0.0,171,13,106.54
user_021,2024-01-31 05:35:04,Home & Garden,view,mobile,0.0,1246,8,58.25
user_010,2024-01-31 11:20:10,Clothing,purchase,desktop,367.34,717,8,28.88
user_064,2024-01-31 11:28:53,Books,view,mobile,0.0,259,6,156.98
user_015,2024-01-31 15:40:38,Clothing,add_to_cart,tablet,0.0,769,15,266.84
user_097,2024-01-31 21:19:14,Sports,view,mobile,0.0,1003,10,169.94
user_017,2024-02-01 04:45:20,Sports,purchase,desktop,249.82,1212,11,229.59
user_016,2024-02-01 07:04:21,Electronics,add_to_cart,mobile,0.0,481,1,75.36
user_075,2024-02-01 07:16:51,Books,view,mobile,0.0,475,12,15.44
user_041,2024-02-01 07:45:47,Toys,view,mobile,0.0,1421,12,66.31
user_086,2024-02-01 08:10:50,Clothing,view,mobile,0.0,993,4,39.91
user_050,2024-02-01 08:13:21,Clothing,remove_from_cart,desktop,0.0,219,9,144.91
user_034,2024-02-01 09:05:25,Beauty,view,tablet,0.0,1005,6,70.7
user_012,2024-02-01 11:25:32,Electronics,add_to_cart,mobile,0.0,386,1,762.63
user_030,2024-02-01 14:22:09,Books,view,tablet,0.0,1597,2,6.44
user_080,2024-02-01 14:23:37,Food & Beverage,wishlist,desktop,0.0,1530,15,109.31
user_095,2024-02-01 16:11:35,Home & Garden,view,mobile,0.0,976,4,159.54
user_011,2024-02-01 17:38:38,Books,purchase,desktop,425.46,1378,15,255.28
user_085,2024-02-01 18:40:11,Toys,add_to_cart,desktop,0.0,1210,6,546.09
user_034,2024-02-01 20:17:49,Food & Beverage,add_to_cart,mobile,0.0,188,12,242.86
user_027,2024-02-01 22:04:22,Books,purchase,desktop,33.58,927,12,347.32
user_018,2024-02-01 23:35:34,Books,add_to_cart,mobile,0.0,1225,7,302.35
user_018,2024-02-02 01:31:45,Food & Beverage,add_to_cart,desktop,0.0,1033,4,462.02
user_082,2024-02-02 14:16:42,Electronics,remove_from_cart,mobile,0.0,619,11,109.31
user_082,2024-02-02 17:39:03,Electronics,add_to_cart,desktop,0.0,70,1,557.99
user_013,2024-02-02 20:37:25,Food & Beverage,purchase,desktop,369.8,1235,13,172.03
user_085,2024-02-03 02:41:34,Toys,view,tablet,0.0,786,3,89.15
user_060,2024-02-03 03:05:10,Books,purchase,desktop,29.75,1741,14,275.67
user_013,2024-02-03 07:32:47,Sports,view,mobile,0.0,1611,11,117.71
user_093,2024-02-03 16:48:11,Clothing,remove_from_cart,mobile,0.0,1338,9,121.79
user_002,2024-02-03 17:07:29,Beauty,add_to_cart,desktop,0.0,1227,7,661.48
user_003,2024-02-03 17:59:37,Toys,view,mobile,0.0,501,7,113.95
user_036,2024-02-03 20:45:57,Books,view,desktop,0.0,522,15,11.35
user_074,2024-02-04 05:47:43,Sports,view,mobile,0.0,1536,4,174.54
user_046,2024-02-04 06:21:08,Electronics,add_to_cart,mobile,0.0,309,2,684.28
user_031,2024-02-04 15:39:21,Beauty,view,mobile,0.0,888,12,150.43
user_042,2024-02-04 23:26:38,Clothing,view,mobile,0.0,1717,7,148.18
user_065,2024-02-05 01:40:16,Toys,remove_from_cart,desktop,0.0,90,9,189.81
user_095,2024-02-05 04:49:12,Clothing,view,mobile,0.0,1283,10,53.37
user_079,2024-02-05 08:54:16,Electronics,add_to_cart,desktop,0.0,1241,12,137.88
user_009,2024-02-05 11:41:32,Toys,add_to_cart,desktop,0.0,708,1,109.96
user_032,2024-02-05 12:21:18,Food & Beverage,purchase,mobile,305.23,1562,9,253.14
user_009,2024-02-05 13:21:59,Books,purchase,mobile,156.28,1232,10,799.13
user_068,2024-02-05 14:33:05,Clothing,view,desktop,0.0,1389,11,15.62
user_016,2024-02-05 15:04:38,Beauty,add_to_cart,desktop,0.0,558,11,555.0
user_019,2024-02-05 18:22:22,Home & Garden,remove_from_cart,desktop,0.0,1285,4,100.98
user_071,2024-02-05 19:40:35,Sports,view,mobile,0.0,1367,6,7.34
user_071,2024-02-05 19:43:39,Clothing,view,mobile,0.0,794,13,197.35
user_044,2024-02-05 19:44:56,Books,add_to_cart,desktop,0.0,421,2,208.25
user_082,2024-02-05 23:16:37,Home & Garden,view,mobile,0.0,1233,11,179.64
user_069,2024-02-06 00:32:52,Toys,purchase,tablet,62.43,227,9,136.13
user_023,2024-02-06 02:06:10,Books,view,mobile,0.0,338,14,40.85
user_048,2024-02-06 02:41:55,Clothing,add_to_cart,desktop,0.0,977,10,452.36
user_016,2024-02-06 02:48:10,Books,view,desktop,0.0,1731,7,18.34
user_067,2024-02-06 06:02:50,Sports,add_to_cart,desktop,0.0,766,4,530.9
user_014,2024-02-06 08:08:45,Food & Beverage,add_to_cart,mobile,0.0,338,1,404.98
user_089,2024-02-06 08:50:04,Books,view,desktop,0.0,1600,1,22.77
user_060,2024-02-06 09:20:05,Food & Beverage,view,mobile,0.0,1184,13,60.78
user_067,2024-02-06 11:49:31,Toys,view,tablet,0.0,239,4,30.91
user_042,2024-02-06 12:29:34,Beauty,view,mobile,0.0,1048,8,19.72
user_059,2024-02-06 13:44:46,Food & Beverage,view,mobile,0.0,149,10,147.14
user_095,2024-02-06 14:40:08,Home & Garden,add_to_cart,mobile,0.0,101,11,298.33
user_043,2024-02-06 14:41:34,Food & Beverage,remove_from_cart,mobile,0.0,1062,8,54.56
user_064,2024-02-06 21:25:52,Electronics,view,mobile,0.0,692,2,194.03
user_015,2024-02-06 21:43:37,Food & Beverage,add_to_cart,mobile,0.0,481,7,787.86
user_030,2024-02-06 22:18:44,Food & Beverage,view,mobile,0.0,571,13,158.24
user_089,2024-02-07 04:11:46,Electronics,remove_from_cart,tablet,0.0,831,14,198.85
user_080,2024-02-07 07:45:04,Clothing,view,mobile,0.0,1635,11,30.85
user_012,2024-02-07 10:47:26,Home & Garden,view,desktop,0.0,779,9,100.35
user_069,2024-02-07 14:39:23,Clothing,view,tablet,0.0,208,2,78.13
user_018,2024-02-08 00:25:21,Toys,purchase,mobile,174.01,1700,14,690.41
user_020,2024-02-08 05:10:20,Sports,view,tablet,0.0,611,14,15.77
user_088,2024-02-08 08:43:44,Beauty,view,desktop,0.0,1716,3,2.58
user_029,2024-02-08 09:45:13,Food & Beverage,view,mobile,0.0,1658,12,54.69
user_099,2024-02-08 10:23:57,Toys,purchase,desktop,423.21,162,5,387.23
user_095,2024-02-08 18:21:32,Food & Beverage,add_to_cart,mobile,0.0,1700,1,307.31
user_041,2024-02-08 18:50:58,Books,remove_from_cart,tablet,0.0,1500,15,68.85
user_088,2024-02-08 19:05:18,Food & Beverage,view,desktop,0.0,93,8,31.26
user_071,2024-02-08 21:06:56,Home & Garden,view,tablet,0.0,1550,9,31.09
user_099,2024-02-08 21:38:51,Clothing,purchase,desktop,30.11,1121,7,535.98
user_029,2024-02-08 22:09:51,Food & Beverage,remove_from_cart,desktop,0.0,883,9,105.99
user_077,2024-02-08 23:50:36,Books,view,mobile,0.0,376,10,10.32
user_099,2024-02-09 05:22:39,Food & Beverage,add_to_cart,mobile,0.0,1705,4,175.74
user_011,2024-02-09 06:47:47,Beauty,view,tablet,0.0,1773,9,28.49
user_039,2024-02-09 08:53:31,Clothing,wishlist,mobile,0.0,645,12,88.62
user_068,2024-02-09 10:09:49,Clothing,purchase,tablet,341.58,301,4,585.16
user_068,2024-02-09 10:31:25,Home & Garden,view,desktop,0.0,757,11,60.46
user_041,2024-02-09 16:25:52,Food & Beverage,view,desktop,0.0,421,5,71.39
user_022,2024-02-09 19:47:52,Books,view,mobile,0.0,652,12,80.5
user_008,2024-02-10 01:03:37,Food & Beverage,add_to_cart,tablet,0.0,352,1,769.4
user_058,2024-02-10 02:19:02,Clothing,view,mobile,0.0,253,11,160.0
user_074,2024-02-10 06:48:10,Food & Beverage,wishlist,mobile,0.0,661,8,4.64
user_071,2024-02-10 08:09:45,Books,add_to_cart,mobile,0.0,667,10,715.94
user_050,2024-02-10 11:06:05,Electronics,remove_from_cart,mobile,0.0,1589,5,20.45
user_089,2024-02-10 13:23:06,Home & Garden,view,desktop,0.0,565,14,107.22
user_010,2024-02-10 18:27:36,Toys,add_to_cart,mobile,0.0,265,7,36.26
user_068,2024-02-10 22:26:26,Home & Garden,view,mobile,0.0,1131,8,48.19
user_076,2024-02-10 23:44:22,Electronics,add_to_cart,mobile,0.0,1192,10,130.83
user_037,2024-02-11 01:01:37,Electronics,view,mobile,0.0,1687,12,116.79
user_095,2024-02-11 10:28:17,Sports,view,mobile,0.0,1627,13,116.94
user_065,2024-02-11 12:17:11,Electronics,view,mobile,0.0,1690,13,56.18
user_071,2024-02-11 12:38:33,Books,view,desktop,0.0,233,13,140.35
user_014,2024-02-11 17:41:04,Books,add_to_cart,mobile,0.0,876,4,504.27
user_059,2024-02-12 01:05:04,Electronics,view,mobile,0.0,174,10,164.32
user_050,2024-02-12 01:16:52,Books,view,mobile,0.0,440,10,78.52
user_083,2024-02-12 02:21:06,Toys,view,desktop,0.0,1374,15,120.53
user_020,2024-02-12 02:37:42,Home & Garden,remove_from_cart,mobile,0.0,1373,12,132.42
user_068,2024-02-12 02:59:37,Toys,view,mobile,0.0,589,7,34.98
user_097,2024-02-12 04:02:22,Beauty,purchase,mobile,391.77,981,12,393.24
user_015,2024-02-12 05:46:29,Books,add_to_cart,mobile,0.0,720,13,250.11
user_035,2024-02-12 10:57:34,Clothing,view,mobile,0.0,1451,3,141.28
user_063,2024-02-12 11:08:42,Sports,view,desktop,0.0,426,6,97.17
user_054,2024-02-12 11:16:37,Books,view,mobile,0.0,139,14,126.87
user_012,2024-02-12 14:56:02,Clothing,add_to_cart,desktop,0.0,669,1,470.49
user_069,2024-02-13 02:53:29,Books,add_to_cart,mobile,0.0,110,7,535.36
user_052,2024-02-13 03:15:12,Sports,add_to_cart,mobile,0.0,405,5,380.84
user_043,2024-02-13 12:46:36,Electronics,purchase,mobile,418.56,1407,8,734.6
user_097,2024-02-13 14:43:29,Electronics,view,mobile,0.0,813,11,157.72
user_073,2024-02-13 17:44:15,Home & Garden,add_to_cart,mobile,0.0,1487,10,672.65
user_034,2024-02-13 19:44:25,Clothing,remove_from_cart,tablet,0.0,1789,9,76.0
user_059,2024-02-14 09:52:50,Sports,view,desktop,0.0,846,6,55.72
user_070,2024-02-14 10:46:29,Books,remove_from_cart,desktop,0.0,1792,9,32.07
user_039,2024-02-14 13:00:35,Sports,view,tablet,0.0,225,10,72.38
user_014,2024-02-14 17:23:07,Books,add_to_cart,desktop,0.0,1760,9,780.14
user_086,2024-02-14 17:26:48,Sports,add_to_cart,desktop,0.0,1706,9,346.52
user_072,2024-02-15 03:55:18,Electronics,view,desktop,0.0,837,11,63.62
user_080,2024-02-15 04:39:36,Food & Beverage,add_to_cart,desktop,0.0,1038,13,160.32
user_018,2024-02-15 05:03:17,Beauty,view,tablet,0.0,759,1,57.97
user_024,2024-02-15 12:27:13,Sports,view,desktop,0.0,673,2,93.18
user_026,2024-02-15 22:26:18,Home & Garden,view,mobile,0.0,455,12,186.62
user_087,2024-02-16 01:07:24,Beauty,view,mobile,0.0,780,3,129.63
user_072,2024-02-16 04:12:38,Toys,add_to_cart,mobile,0.0,310,12,279.76
user_024,2024-02-16 10:12:29,Clothing,view,tablet,0.0,1110,11,62.68
user_021,2024-02-16 11:58:18,Toys,view,mobile,0.0,1254,1,157.84
user_034,2024-02-16 12:11:44,Beauty,purchase,tablet,232.1,91,2,390.75
user_068,2024-02-16 12:20:41,Books,view,mobile,0.0,1536,3,99.8
user_047,2024-02-16 17:35:59,Books,view,mobile,0.0,749,14,135.91
user_073,2024-02-16 19:17:43,Toys,purchase,mobile,394.05,1018,3,308.76
user_022,2024-02-17 04:47:49,Books,add_to_cart,mobile,0.0,90,6,649.53
user_034,2024-02-17 05:13:35,Electronics,add_to_cart,tablet,0.0,332,6,369.76
user_022,2024-02-17 05:16:49,Clothing,remove_from_cart,desktop,0.0,266,4,148.15
user_058,2024-02-17 05:16:50,Sports,view,desktop,0.0,1795,1,68.57
user_020,2024-02-17 05:34:49,Electronics,add_to_cart,mobile,0.0,259,15,303.11
user_033,2024-02-17 05:38:38,Clothing,purchase,mobile,162.4,1215,1,744.52
user_012,2024-02-17 10:11:07,Toys,view,mobile,0.0,1741,7,137.97
user_099,2024-02-17 16:51:32,Food & Beverage,view,mobile,0.0,1364,4,64.06
user_005,2024-02-17 18:35:09,Toys,view,mobile,0.0,1660,14,7.98
user_024,2024-02-17 20:29:45,Electronics,remove_from_cart,mobile,0.0,1444,6,106.18
user_088,2024-02-18 05:08:17,Books,view,mobile,0.0,372,7,55.19
user_022,2024-02-18 05:46:04,Clothing,view,tablet,0.0,1018,12,6.2
user_013,2024-02-18 08:29:40,Beauty,view,mobile,0.0,1402,5,140.36
user_077,2024-02-18 10:31:41,Electronics,view,desktop,0.0,1219,15,150.99
user_030,2024-02-18 12:08:06,Electronics,view,tablet,0.0,1062,11,83.95
user_054,2024-02-18 14:04:40,Clothing,view,desktop,0.0,1452,15,175.45
user_049,2024-02-18 17:30:03,Electronics,add_to_cart,mobile,0.0,1761,7,523.02
user_017,2024-02-18 17:45:14,Beauty,view,tablet,0.0,116,7,3.75
user_003,2024-02-18 18:57:42,Electronics,view,mobile,0.0,441,13,139.3
user_042,2024-02-19 00:18:26,Toys,purchase,desktop,284.16,527,10,426.45
user_078,2024-02-19 05:38:07,Books,add_to_cart,mobile,0.0,94,5,342.81
user_047,2024-02-19 15:58:29,Electronics,view,desktop,0.0,241,12,193.68
user_049,2024-02-19 21:50:52,Home & Garden,view,mobile,0.0,1058,10,66.4
user_059,2024-02-19 22:55:33,Clothing,view,tablet,0.0,1437,14,118.85
user_052,2024-02-19 23:02:37,Sports,view,desktop,0.0,1435,9,127.66
user_047,2024-02-20 04:45:54,Toys,view,mobile,0.0,612,6,70.27
user_085,2024-02-20 08:00:36,Electronics,remove_from_cart,desktop,0.0,1735,15,180.58
user_005,2024-02-20 10:44:15,Electronics,add_to_cart,tablet,0.0,792,1,283.53
user_005,2024-02-20 15:11:59,Books,remove_from_cart,mobile,0.0,1193,10,21.46
user_085,2024-02-20 18:06:21,Books,view,tablet,0.0,1529,7,158.36
user_045,2024-02-20 21:49:11,Food & Beverage,wishlist,desktop,0.0,972,6,137.84
user_090,2024-02-21 02:40:34,Home & Garden,view,mobile,0.0,1077,15,40.64
user_071,2024-02-21 08:05:25,Toys,purchase,mobile,76.08,1175,4,400.52
user_047,2024-02-21 08:28:11,Home & Garden,wishlist,desktop,0.0,1697,2,144.16
user_049,2024-02-21 12:27:34,Sports,add_to_cart,mobile,0.0,415,9,319.97
user_060,2024-02-21 15:19:30,Sports,view,desktop,0.0,1001,5,29.03
user_059,2024-02-21 18:00:16,Home & Garden,view,mobile,0.0,178,9,58.85
user_067,2024-02-21 19:36:40,Electronics,remove_from_cart,desktop,0.0,1712,5,189.44
user_077,2024-02-21 21:20:43,Home & Garden,add_to_cart,desktop,0.0,635,5,727.38
user_029,2024-02-21 22:15:19,Beauty,view,desktop,0.0,901,12,110.07
user_094,2024-02-22 06:08:22,Books,view,tablet,0.0,62,8,133.8
user_070,2024-02-22 08:12:00,Electronics,add_to_cart,mobile,0.0,44,7,530.54
user_034,2024-02-22 12:28:40,Toys,view,mobile,0.0,1408,2,106.96
user_022,2024-02-22 15:56:24,Beauty,add_to_cart,mobile,0.0,1011,13,693.95
user_027,2024-02-22 16:49:39,Food & Beverage,remove_from_cart,desktop,0.0,157,12,27.62
user_021,2024-02-22 20:59:56,Food & Beverage,view,mobile,0.0,618,6,57.08
user_047,2024-02-23 04:18:55,Home & Garden,view,mobile,0.0,62,3,144.26
user_059,2024-02-23 05:48:21,Sports,remove_from_cart,desktop,0.0,1646,13,127.59
user_044,2024-02-23 09:50:51,Food & Beverage,wishlist,mobile,0.0,1650,1,66.05
user_009,2024-02-23 13:21:34,Food & Beverage,view,mobile,0.0,890,7,180.96
user_066,2024-02-23 14:36:03,Food & Beverage,add_to_cart,mobile,0.0,74,7,218.47
user_023,2024-02-23 15:08:57,Beauty,purchase,mobile,285.44,1192,1,330.74
user_085,2024-02-23 19:49:59,Electronics,view,mobile,0.0,1246,1,89.28
user_044,2024-02-23 20:39:36,Toys,purchase,mobile,89.37,497,6,267.16
user_062,2024-02-23 20:56:51,Home & Garden,view,desktop,0.0,150,14,31.88
user_039,2024-02-23 21:06:42,Books,add_to_cart,desktop,0.0,887,14,720.92
user_052,2024-02-23 23:06:20,Toys,view,mobile,0.0,342,11,184.59
user_088,2024-02-24 03:13:34,Toys,add_to_cart,tablet,0.0,1559,11,139.92
user_028,2024-02-24 03:47:53,Sports,view,tablet,0.0,951,5,69.71
user_078,2024-02-24 05:44:28,Beauty,view,desktop,0.0,752,10,199.62
user_038,2024-02-24 08:44:39,Sports,purchase,mobile,441.61,1536,15,62.74
user_090,2024-02-24 10:17:09,Sports,wishlist,mobile,0.0,219,7,19.34
user_026,2024-02-24 10:51:53,Toys,view,tablet,0.0,1209,9,27.46
user_020,2024-02-24 12:04:28,Food & Beverage,add_to_cart,desktop,0.0,1446,7,444.03
user_005,2024-02-24 16:25:30,Clothing,view,mobile,0.0,1173,13,2.48
user_078,2024-02-24 19:11:29,Toys,add_to_cart,mobile,0.0,757,4,164.91
user_094,2024-02-24 23:57:26,Home & Garden,purchase,desktop,80.37,651,8,790.93
user_012,2024-02-25 03:29:39,Electronics,view,desktop,0.0,1546,3,23.89
user_018,2024-02-25 04:41:59,Home & Garden,view,desktop,0.0,1503,2,36.83
user_099,2024-02-25 09:38:14,Electronics,add_to_cart,mobile,0.0,1178,7,327.9
user_085,2024-02-25 11:27:26,Food & Beverage,remove_from_cart,mobile,0.0,1368,11,19.68
user_011,2024-02-25 19:52:11,Books,view,mobile,0.0,1383,5,61.3
user_008,2024-02-25 21:08:15,Books,view,mobile,0.0,1670,7,140.14
user_044,2024-02-25 21:08:21,Food & Beverage,view,mobile,0.0,1692,7,3.82
user_070,2024-02-26 01:08:01,Food & Beverage,remove_from_cart,mobile,0.0,815,1,17.22
user_081,2024-02-26 01:13:17,Home & Garden,remove_from_cart,mobile,0.0,1460,8,24.28
user_063,2024-02-26 02:57:05,Beauty,add_to_cart,mobile,0.0,593,10,513.79
user_013,2024-02-26 03:33:58,Food & Beverage,view,mobile,0.0,1370,3,14.96
user_012,2024-02-26 03:49:51,Sports,view,desktop,0.0,1441,6,172.2
user_100,2024-02-26 07:58:40,Beauty,purchase,desktop,305.65,1619,12,772.14
user_010,2024-02-26 11:37:19,Toys,add_to_cart,mobile,0.0,648,4,799.5
user_077,2024-02-26 11:57:20,Beauty,purchase,mobile,320.28,1721,12,272.28
user_054,2024-02-26 12:07:35,Books,view,mobile,0.0,1453,11,126.06
user_021,2024-02-26 14:00:27,Sports,wishlist,tablet,0.0,1361,5,31.79
user_034,2024-02-26 14:16:14,Books,add_to_cart,mobile,0.0,1456,11,95.42
user_074,2024-02-26 14:49:18,Toys,add_to_cart,mobile,0.0,361,14,175.75
user_010,2024-02-26 17:06:03,Electronics,wishlist,tablet,0.0,1768,4,33.26
user_021,2024-02-26 17:45:27,Electronics,view,tablet,0.0,1445,15,29.81
user_069,2024-02-27 00:02:21,Electronics,view,desktop,0.0,860,2,42.33
user_100,2024-02-27 02:24:39,Books,view,tablet,0.0,373,11,161.54
user_038,2024-02-27 05:43:04,Home & Garden,wishlist,desktop,0.0,274,7,8.13
user_096,2024-02-27 07:34:15,Books,wishlist,desktop,0.0,1740,4,73.56
user_061,2024-02-27 11:32:37,Clothing,view,mobile,0.0,1289,1,145.44
user_029,2024-02-27 11:59:01,Toys,view,desktop,0.0,512,7,198.9
user_049,2024-02-27 12:24:05,Home & Garden,add_to_cart,mobile,0.0,395,9,326.58
user_067,2024-02-27 13:10:11,Electronics,view,mobile,0.0,545,12,140.13
user_028,2024-02-27 19:30:55,Food & Beverage,view,desktop,0.0,1260,3,158.92
user_030,2024-02-27 22:10:06,Sports,add_to_cart,desktop,0.0,1670,9,498.93
user_079,2024-02-28 01:06:47,Electronics,remove_from_cart,mobile,0.0,1638,1,97.01
user_082,2024-02-28 08:49:27,Beauty,view,desktop,0.0,597,13,12.48
user_013,2024-02-28 09:43:41,Food & Beverage,view,tablet,0.0,324,14,179.13
user_028,2024-02-28 10:21:48,Toys,view,tablet,0.0,893,5,166.97
user_029,2024-02-28 10:35:49,Food & Beverage,add_to_cart,mobile,0.0,956,2,95.99
user_010,2024-02-28 13:56:40,Sports,add_to_cart,mobile,0.0,848,4,135.1
user_082,2024-02-28 19:28:17,Food & Beverage,view,mobile,0.0,131,9,4.43
user_037,2024-02-28 19:47:19,Food & Beverage,view,mobile,0.0,1781,7,37.76
user_077,2024-02-28 20:47:40,Toys,add_to_cart,desktop,0.0,664,15,290.78
user_048,2024-02-28 23:05:37,Clothing,add_to_cart,desktop,0.0,837,2,481.67
user_026,2024-02-28 23:49:06,Sports,view,desktop,0.0,669,15,64.61
user_015,2024-02-29 03:41:53,Home & Garden,view,desktop,0.0,1072,12,54.68
user_062,2024-02-29 06:21:38,Home & Garden,view,desktop,0.0,1533,14,69.07
user_062,2024-02-29 14:22:49,Books,view,mobile,0.0,1352,10,16.39
user_048,2024-02-29 16:25:40,Clothing,add_to_cart,mobile,0.0,1031,10,367.95
user_062,2024-03-01 07:29:35,Home & Garden,view,tablet,0.0,1070,12,175.86
user_087,2024-03-01 09:34:00,Clothing,view,tablet,0.0,1519,6,152.76
user_093,2024-03-01 10:58:13,Beauty,view,mobile,0.0,1799,4,148.24
user_076,2024-03-01 14:17:00,Toys,add_to_cart,mobile,0.0,700,7,471.97
user_042,2024-03-01 14:55:34,Books,add_to_cart,mobile,0.0,1458,9,158.08
user_009,2024-03-01 21:23:11,Electronics,wishlist,mobile,0.0,245,7,87.61
user_066,2024-03-01 23:10:42,Clothing,view,desktop,0.0,1298,6,18.68
user_039,2024-03-02 02:23:16,Sports,add_to_cart,mobile,0.0,1292,4,377.12
user_042,2024-03-02 05:31:52,Clothing,add_to_cart,mobile,0.0,1526,13,469.49
user_063,2024-03-02 06:55:25,Electronics,view,mobile,0.0,829,5,185.29
user_039,2024-03-02 07:51:51,Toys,view,mobile,0.0,152,3,87.92
user_072,2024-03-02 08:19:36,Beauty,purchase,mobile,77.64,1799,11,112.88
user_018,2024-03-02 10:59:15,Electronics,view,mobile,0.0,1573,5,190.8
user_003,2024-03-02 11:19:44,Beauty,view,mobile,0.0,1253,9,152.71
user_055,2024-03-02 12:00:02,Sports,add_to_cart,tablet,0.0,689,13,669.91
user_063,2024-03-02 13:25:54,Clothing,add_to_cart,mobile,0.0,1441,14,628.26
user_045,2024-03-02 14:54:10,Books,purchase,desktop,72.41,240,7,657.68
user_087,2024-03-02 15:13:37,Home & Garden,add_to_cart,mobile,0.0,529,1,119.74
user_093,2024-03-02 16:26:49,Toys,purchase,mobile,486.46,1345,2,370.97
user_079,2024-03-02 21:31:01,Electronics,add_to_cart,mobile,0.0,64,9,583.3
user_083,2024-03-03 03:09:34,Toys,view,desktop,0.0,934,12,51.8
user_050,2024-03-03 03:36:43,Food & Beverage,add_to_cart,desktop,0.0,1201,8,391.2
user_044,2024-03-03 06:14:08,Home & Garden,view,desktop,0.0,237,9,154.17
user_017,2024-03-03 07:20:35,Beauty,purchase,mobile,104.54,1441,7,299.36
user_058,2024-03-03 07:22:35,Toys,view,desktop,0.0,1383,7,17.14
user_097,2024-03-03 10:15:21,Books,view,mobile,0.0,1347,7,80.65
user_059,2024-03-03 10:37:00,Clothing,add_to_cart,mobile,0.0,1390,12,299.4
user_052,2024-03-03 16:17:09,Food & Beverage,view,mobile,0.0,1048,4,125.67
user_053,2024-03-03 17:48:15,Food & Beverage,add_to_cart,mobile,0.0,1653,1,92.57
user_042,2024-03-03 18:42:44,Food & Beverage,view,desktop,0.0,1646,5,34.35
user_061,2024-03-04 05:10:42,Electronics,view,mobile,0.0,459,7,50.27
user_078,2024-03-04 07:13:37,Food & Beverage,view,mobile,0.0,1261,10,1.31
user_093,2024-03-04 08:48:45,Books,purchase,desktop,472.17,759,8,540.0
user_025,2024-03-04 17:19:11,Food & Beverage,view,mobile,0.0,1262,4,3.99
user_032,2024-03-04 17:41:43,Beauty,view,desktop,0.0,1511,11,147.91
user_021,2024-03-05 01:25:16,Food & Beverage,add_to_cart,mobile,0.0,1415,6,617.84
user_012,2024-03-05 03:11:49,Home & Garden,view,mobile,0.0,81,3,90.73
user_051,2024-03-05 14:15:13,Beauty,view,mobile,0.0,1253,15,168.56
user_035,2024-03-05 17:31:28,Clothing,add_to_cart,tablet,0.0,1534,6,490.89
user_009,2024-03-05 20:21:00,Toys,purchase,mobile,480.78,1331,15,666.38
user_042,2024-03-05 22:14:09,Electronics,add_to_cart,tablet,0.0,942,13,484.19
user_052,2024-03-06 00:42:55,Food & Beverage,view,mobile,0.0,770,10,151.28
user_065,2024-03-06 02:25:23,Electronics,add_to_cart,desktop,0.0,1681,10,553.64
user_012,2024-03-06 02:46:46,Clothing,remove_from_cart,desktop,0.0,965,5,52.82
user_097,2024-03-06 04:28:10,Home & Garden,add_to_cart,desktop,0.0,329,12,590.95
user_068,2024-03-06 06:57:49,Beauty,view,tablet,0.0,1351,14,29.54
user_024,2024-03-06 08:25:14,Home & Garden,view,desktop,0.0,1009,9,6.51
user_015,2024-03-06 08:56:34,Books,add_to_cart,tablet,0.0,1183,8,620.56
user_019,2024-03-06 12:26:38,Home & Garden,add_to_cart,mobile,0.0,1026,11,439.15
user_018,2024-03-06 15:05:48,Electronics,remove_from_cart,mobile,0.0,357,13,136.09
user_010,2024-03-07 08:24:58,Sports,add_to_cart,mobile,0.0,736,8,638.26
user_085,2024-03-07 09:29:41,Electronics,view,mobile,0.0,852,7,137.21
user_088,2024-03-07 11:08:56,Home & Garden,purchase,mobile,256.39,143,14,116.84
user_098,2024-03-07 11:52:03,Home & Garden,view,desktop,0.0,856,3,156.1
user_061,2024-03-07 14:09:38,Home & Garden,view,desktop,0.0,362,7,198.11
user_074,2024-03-07 18:43:39,Home & Garden,view,desktop,0.0,384,3,194.42
user_029,2024-03-07 21:28:00,Electronics,add_to_cart,desktop,0.0,1791,7,561.33
user_095,2024-03-08 01:42:21,Home & Garden,add_to_cart,mobile,0.0,400,14,560.41
user_051,2024-03-08 02:06:16,Home & Garden,view,tablet,0.0,828,5,45.87
user_035,2024-03-08 02:16:45,Clothing,view,desktop,0.0,143,8,171.86
user_041,2024-03-08 07:11:33,Clothing,purchase,mobile,276.1,856,2,292.52
user_061,2024-03-08 11:49:37,Sports,wishlist,mobile,0.0,1375,4,53.3
user_025,2024-03-08 21:31:49,Home & Garden,add_to_cart,mobile,0.0,1342,6,106.15
user_001,2024-03-08 23:03:35,Toys,purchase,mobile,259.07,392,12,471.26
user_086,2024-03-09 02:59:48,Food & Beverage,add_to_cart,mobile,0.0,1673,15,564.9
user_077,2024-03-09 05:20:45,Books,view,mobile,0.0,1787,9,197.09
user_021,2024-03-09 09:07:58,Electronics,view,mobile,0.0,327,8,185.55
user_029,2024-03-09 09:10:49,Food & Beverage,add_to_cart,desktop,0.0,1044,9,418.42
user_092,2024-03-09 09:11:11,Home & Garden,view,mobile,0.0,678,10,25.29
user_020,2024-03-09 10:25:37,Clothing,view,mobile,0.0,1763,4,11.58
user_009,2024-03-09 12:13:27,Sports,view,mobile,0.0,610,6,109.46
user_013,2024-03-09 20:22:54,Toys,add_to_cart,desktop,0.0,588,6,230.84
user_054,2024-03-09 23:47:34,Sports,view,mobile,0.0,1024,1,77.77
user_028,2024-03-10 04:46:59,Food & Beverage,view,mobile,0.0,863,4,18.86
user_093,2024-03-10 08:42:18,Books,view,mobile,0.0,1200,9,167.96
user_098,2024-03-10 16:14:29,Sports,view,mobile,0.0,1661,3,137.04
user_082,2024-03-10 18:19:39,Electronics,remove_from_cart,desktop,0.0,52,8,90.8
user_048,2024-03-10 20:22:03,Toys,view,tablet,0.0,1766,14,90.94
user_087,2024-03-11 03:19:01,Toys,add_to_cart,mobile,0.0,761,2,274.56
user_009,2024-03-11 06:37:13,Sports,view,mobile,0.0,1250,1,55.45
user_007,2024-03-11 09:44:08,Food & Beverage,view,mobile,0.0,612,8,95.74
user_090,2024-03-11 10:45:47,Sports,view,desktop,0.0,625,11,69.06
user_097,2024-03-11 14:41:35,Clothing,view,mobile,0.0,231,4,145.11
user_053,2024-03-11 15:03:05,Books,view,mobile,0.0,1346,15,159.43
user_047,2024-03-11 18:23:29,Home & Garden,add_to_cart,mobile,0.0,663,7,799.67
user_005,2024-03-11 22:47:41,Toys,view,mobile,0.0,1505,6,54.25
user_020,2024-03-11 23:38:33,Toys,view,mobile,0.0,646,2,9.55
user_058,2024-03-12 02:13:46,Food & Beverage,add_to_cart,mobile,0.0,936,5,147.75
user_050,2024-03-12 03:16:49,Books,add_to_cart,mobile,0.0,1283,5,561.29
user_034,2024-03-12 05:43:57,Beauty,add_to_cart,mobile,0.0,487,12,699.71
user_036,2024-03-12 08:08:10,Books,view,mobile,0.0,347,1,30.74
user_072,2024-03-12 10:42:07,Toys,view,desktop,0.0,1566,7,173.61
user_027,2024-03-12 10:42:30,Toys,view,mobile,0.0,1121,6,109.25
user_031,2024-03-12 13:54:24,Sports,view,tablet,0.0,336,8,161.13
user_058,2024-03-12 23:35:15,Clothing,view,desktop,0.0,316,2,2.39
user_068,2024-03-13 00:11:12,Sports,purchase,mobile,233.65,768,12,175.3
user_043,2024-03-13 03:57:33,Electronics,view,tablet,0.0,1447,15,113.35
user_050,2024-03-13 13:23:34,Home & Garden,purchase,tablet,387.47,64,10,72.67
user_005,2024-03-13 15:45:23,Clothing,add_to_cart,tablet,0.0,193,3,589.53
user_017,2024-03-13 15:50:21,Electronics,view,desktop,0.0,1743,8,3.26
user_031,2024-03-13 17:13:24,Books,view,mobile,0.0,843,1,145.26
user_016,2024-03-13 17:59:22,Beauty,add_to_cart,mobile,0.0,1324,11,90.71
user_097,2024-03-13 18:28:43,Beauty,remove_from_cart,desktop,0.0,339,8,13.66
user_040,2024-03-13 19:03:39,Clothing,remove_from_cart,mobile,0.0,462,5,132.08
user_042,2024-03-13 19:05:56,Electronics,view,desktop,0.0,131,11,16.32
user_076,2024-03-13 21:01:05,Toys,view,mobile,0.0,132,5,75.82
user_084,2024-03-14 06:35:39,Sports,view,mobile,0.0,910,6,136.94
user_075,2024-03-14 07:46:03,Food & Beverage,view,desktop,0.0,1299,13,168.23
user_083,2024-03-14 08:41:13,Toys,add_to_cart,mobile,0.0,1314,9,245.93
user_010,2024-03-14 11:07:32,Electronics,view,desktop,0.0,124,7,13.78
user_063,2024-03-14 19:30:02,Home & Garden,view,mobile,0.0,1276,11,138.73
user_005,2024-03-14 20:53:24,Food & Beverage,add_to_cart,desktop,0.0,554,1,305.75
user_016,2024-03-14 21:34:24,Toys,purchase,tablet,404.25,624,1,244.34
user_061,2024-03-14 23:21:26,Beauty,wishlist,desktop,0.0,622,3,7.06
user_012,2024-03-15 00:39:32,Toys,purchase,tablet,40.57,1154,1,20.65
user_039,2024-03-15 09:31:35,Food & Beverage,view,desktop,0.0,345,5,60.03
user_075,2024-03-15 12:49:37,Sports,remove_from_cart,desktop,0.0,1143,15,199.74
user_095,2024-03-15 22:13:48,Sports,view,tablet,0.0,1061,11,84.58
user_039,2024-03-15 23:36:00,Books,add_to_cart,desktop,0.0,157,11,112.21
user_087,2024-03-16 03:49:57,Food & Beverage,view,desktop,0.0,1062,3,192.76
user_094,2024-03-16 08:20:54,Sports,purchase,mobile,441.99,529,13,382.46
user_065,2024-03-16 09:10:04,Electronics,view,mobile,0.0,1520,9,119.27
user_031,2024-03-16 10:01:11,Books,view,desktop,0.0,1107,2,149.13
user_012,2024-03-16 13:02:01,Clothing,view,desktop,0.0,84,9,39.77
user_054,2024-03-16 15:51:36,Food & Beverage,view,mobile,0.0,764,10,5.76
user_061,2024-03-16 17:22:22,Home & Garden,purchase,mobile,417.12,215,5,41.4
user_015,2024-03-16 19:29:20,Clothing,purchase,mobile,478.37,172,10,104.81
user_054,2024-03-16 23:46:09,Toys,add_to_cart,desktop,0.0,1290,7,752.45
user_037,2024-03-17 00:33:08,Books,view,tablet,0.0,469,14,62.98
user_037,2024-03-17 01:49:52,Home & Garden,add_to_cart,mobile,0.0,443,14,532.36
user_042,2024-03-17 01:49:59,Books,view,desktop,0.0,763,2,156.8
user_063,2024-03-17 17:05:11,Sports,add_to_cart,mobile,0.0,1489,1,51.0
user_083,2024-03-17 19:18:19,Clothing,view,mobile,0.0,596,11,65.02
user_017,2024-03-17 22:05:19,Toys,add_to_cart,mobile,0.0,291,11,568.2
user_020,2024-03-18 03:11:30,Electronics,remove_from_cart,desktop,0.0,1570,2,18.64
user_037,2024-03-18 06:45:21,Sports,add_to_cart,tablet,0.0,1065,8,215.86
user_081,2024-03-18 07:45:10,Books,add_to_cart,desktop,0.0,220,4,793.95
user_045,2024-03-18 08:51:02,Food & Beverage,add_to_cart,tablet,0.0,805,2,450.58
user_065,2024-03-18 15:45:41,Beauty,view,mobile,0.0,1000,3,32.76
user_067,2024-03-18 16:12:47,Toys,view,mobile,0.0,1655,4,98.97
user_019,2024-03-18 21:50:28,Electronics,view,mobile,0.0,1351,6,72.43
user_006,2024-03-18 23:52:24,Beauty,view,tablet,0.0,1201,10,107.23
user_064,2024-03-19 00:48:54,Electronics,purchase,mobile,164.54,1206,14,234.28
user_072,2024-03-19 01:00:41,Home & Garden,add_to_cart,mobile,0.0,1045,14,149.01
user_073,2024-03-19 07:38:14,Sports,add_to_cart,mobile,0.0,1439,13,391.74
user_050,2024-03-19 12:37:07,Beauty,view,mobile,0.0,383,14,134.71
user_027,2024-03-19 13:26:02,Beauty,view,desktop,0.0,464,1,128.12
user_039,2024-03-19 18:05:43,Home & Garden,view,mobile,0.0,269,3,74.66
user_043,2024-03-19 21:19:44,Home & Garden,add_to_cart,mobile,0.0,677,7,151.53
user_080,2024-03-19 21:41:35,Electronics,add_to_cart,desktop,0.0,1450,5,42.57
user_023,2024-03-19 22:02:38,Home & Garden,add_to_cart,desktop,0.0,210,11,664.65
user_057,2024-03-19 23:57:32,Toys,purchase,desktop,449.62,1553,14,390.24
user_038,2024-03-20 00:18:31,Clothing,view,mobile,0.0,1635,5,50.41
user_006,2024-03-20 02:26:42,Beauty,remove_from_cart,mobile,0.0,1496,6,47.73
user_075,2024-03-20 02:30:56,Sports,add_to_cart,tablet,0.0,811,9,252.71
user_083,2024-03-20 02:48:47,Electronics,add_to_cart,mobile,0.0,1059,2,246.06
user_066,2024-03-20 03:18:07,Clothing,view,desktop,0.0,1623,5,166.29
user_090,2024-03-20 03:27:42,Sports,view,desktop,0.0,1343,7,29.73
user_077,2024-03-20 07:49:33,Toys,view,mobile,0.0,1791,10,198.0
user_081,2024-03-20 11:36:12,Clothing,view,mobile,0.0,622,2,171.05
user_067,2024-03-20 12:37:06,Electronics,add_to_cart,desktop,0.0,1757,14,311.89
user_025,2024-03-20 16:16:52,Beauty,view,mobile,0.0,794,7,91.79
user_057,2024-03-21 09:50:17,Electronics,view,mobile,0.0,975,8,7.52
user_079,2024-03-21 13:10:39,Home & Garden,purchase,desktop,404.66,1197,6,435.17
user_094,2024-03-21 16:05:30,Books,view,desktop,0.0,561,9,115.02
user_032,2024-03-21 17:50:01,Toys,purchase,mobile,276.8,1022,6,731.88
user_023,2024-03-21 21:27:35,Food & Beverage,view,mobile,0.0,1347,11,76.23
user_041,2024-03-21 22:56:48,Food & Beverage,remove_from_cart,mobile,0.0,170,4,126.23
user_019,2024-03-22 00:05:47,Sports,view,mobile,0.0,352,6,62.32
user_036,2024-03-22 01:04:42,Toys,view,desktop,0.0,1421,3,190.55
user_068,2024-03-22 02:32:12,Home & Garden,purchase,desktop,91.89,690,14,266.63
user_093,2024-03-22 05:13:36,Beauty,view,mobile,0.0,1708,2,10.5
user_040,2024-03-22 06:20:12,Sports,view,desktop,0.0,1612,8,134.22
user_080,2024-03-22 09:56:32,Sports,add_to_cart,mobile,0.0,728,6,663.73
user_082,2024-03-22 15:07:41,Books,view,mobile,0.0,1438,11,48.95
user_089,2024-03-22 15:36:50,Sports,view,mobile,0.0,1639,7,73.0
user_026,2024-03-22 17:17:08,Books,add_to_cart,mobile,0.0,1342,3,481.6
user_054,2024-03-22 19:29:04,Clothing,purchase,mobile,272.66,1324,9,468.53
user_088,2024-03-23 02:38:40,Home & Garden,add_to_cart,mobile,0.0,976,7,230.55
user_005,2024-03-23 04:30:09,Food & Beverage,remove_from_cart,desktop,0.0,716,8,156.79
user_078,2024-03-23 06:37:33,Sports,purchase,desktop,105.89,201,9,682.56
user_094,2024-03-23 11:00:35,Home & Garden,view,mobile,0.0,1251,7,107.43
user_021,2024-03-23 12:53:24,Sports,view,mobile,0.0,520,9,152.9
user_085,2024-03-23 18:51:11,Clothing,add_to_cart,mobile,0.0,986,11,750.21
user_096,2024-03-24 00:06:25,Toys,view,desktop,0.0,1721,2,158.35
user_097,2024-03-24 00:07:42,Beauty,view,tablet,0.0,1286,15,124.22
user_063,2024-03-24 00:30:58,Electronics,view,desktop,0.0,59,3,126.53
user_061,2024-03-24 04:23:25,Sports,remove_from_cart,desktop,0.0,1785,5,26.77
user_063,2024-03-24 10:11:45,Beauty,view,desktop,0.0,389,7,61.36
user_084,2024-03-24 17:46:55,Sports,view,tablet,0.0,877,6,165.48
user_067,2024-03-25 02:02:53,Home & Garden,view,mobile,0.0,249,8,38.32
user_041,2024-03-25 03:46:57,Books,add_to_cart,desktop,0.0,698,7,563.81
user_076,2024-03-25 06:27:07,Sports,add_to_cart,tablet,0.0,1722,3,75.69
user_077,2024-03-25 06:38:40,Clothing,add_to_cart,mobile,0.0,1783,10,121.32
user_028,2024-03-25 10:21:23,Books,view,desktop,0.0,1116,8,199.32
user_063,2024-03-25 13:08:05,Home & Garden,add_to_cart,mobile,0.0,963,15,635.35
user_057,2024-03-25 13:31:38,Food & Beverage,view,mobile,0.0,1079,2,69.03
user_038,2024-03-25 15:31:32,Books,add_to_cart,desktop,0.0,1137,9,33.77
user_019,2024-03-25 16:14:26,Books,view,desktop,0.0,1241,15,147.04
user_087,2024-03-26 02:32:25,Sports,view,desktop,0.0,1077,1,181.68
user_074,2024-03-26 04:51:36,Food & Beverage,view,mobile,0.0,1010,15,8.02
user_061,2024-03-26 11:32:19,Home & Garden,purchase,tablet,98.75,229,8,119.79
user_041,2024-03-26 11:45:04,Books,remove_from_cart,tablet,0.0,1487,12,185.46
user_005,2024-03-26 12:17:09,Beauty,remove_from_cart,desktop,0.0,1085,12,187.97
user_079,2024-03-26 12:21:01,Food & Beverage,remove_from_cart,mobile,0.0,464,6,159.56
user_090,2024-03-26 13:56:06,Home & Garden,purchase,desktop,257.29,1376,3,436.43
user_084,2024-03-26 16:29:43,Home & Garden,add_to_cart,mobile,0.0,177,1,593.65
user_005,2024-03-26 18:53:38,Books,view,mobile,0.0,253,7,198.74
user_085,2024-03-27 02:07:09,Toys,view,desktop,0.0,238,12,185.05
user_002,2024-03-27 06:24:37,Clothing,view,desktop,0.0,561,3,109.71
user_021,2024-03-27 09:39:42,Home & Garden,wishlist,desktop,0.0,767,15,7.17
user_074,2024-03-27 12:25:45,Sports,view,desktop,0.0,1314,4,20.38
user_086,2024-03-27 12:46:10,Food & Beverage,remove_from_cart,tablet,0.0,1123,1,181.38
user_050,2024-03-27 17:21:24,Home & Garden,purchase,desktop,48.42,1556,6,61.87
user_044,2024-03-27 22:11:20,Electronics,add_to_cart,desktop,0.0,54,7,96.2
user_029,2024-03-27 22:14:51,Beauty,view,mobile,0.0,1127,1,140.16
user_003,2024-03-28 00:30:58,Home & Garden,add_to_cart,desktop,0.0,47,4,216.85
user_085,2024-03-28 04:40:06,Electronics,view,mobile,0.0,1216,6,146.46
user_015,2024-03-28 06:45:37,Food & Beverage,view,desktop,0.0,1686,1,90.68
user_019,2024-03-28 07:02:36,Clothing,view,mobile,0.0,887,3,82.59
user_084,2024-03-28 07:10:28,Clothing,purchase,mobile,19.83,564,2,77.87
user_006,2024-03-28 10:24:58,Clothing,view,desktop,0.0,609,1,182.26
user_014,2024-03-28 14:22:14,Books,view,mobile,0.0,1298,2,11.38
user_069,2024-03-28 15:36:56,Sports,view,mobile,0.0,1778,12,6.95
user_095,2024-03-28 16:05:41,Toys,add_to_cart,mobile,0.0,662,3,761.9
user_015,2024-03-28 17:48:17,Beauty,view,mobile,0.0,959,1,190.75
user_087,2024-03-28 20:51:44,Books,add_to_cart,mobile,0.0,534,5,455.3
user_069,2024-03-28 23:47:47,Sports,view,mobile,0.0,1390,15,66.04
user_038,2024-03-29 02:52:54,Toys,add_to_cart,mobile,0.0,650,4,217.08
user_098,2024-03-29 05:12:13,Food & Beverage,view,desktop,0.0,1586,9,119.35
user_097,2024-03-29 06:45:19,Toys,wishlist,desktop,0.0,927,15,103.51
user_016,2024-03-29 08:21:33,Toys,add_to_cart,desktop,0.0,1283,1,105.25
user_099,2024-03-29 08:58:35,Home & Garden,view,mobile,0.0,349,3,52.99
user_008,2024-03-29 09:13:48,Electronics,view,mobile,0.0,1291,14,135.1
user_054,2024-03-29 15:44:08,Sports,view,mobile,0.0,952,7,47.85
user_082,2024-03-29 17:14:43,Beauty,purchase,desktop,122.22,95,13,266.04
user_079,2024-03-29 21:17:18,Books,view,tablet,0.0,403,3,57.92
user_075,2024-03-30 00:54:56,Toys,view,tablet,0.0,641,13,77.99
user_061,2024-03-30 04:48:45,Food & Beverage,view,mobile,0.0,192,1,51.18
user_032,2024-03-30 07:19:43,Clothing,add_to_cart,tablet,0.0,1585,1,92.92
user_040,2024-03-30 07:27:41,Clothing,add_to_cart,mobile,0.0,1006,2,123.5
user_025,2024-03-30 07:36:24,Sports,remove_from_cart,mobile,0.0,681,12,94.59
user_072,2024-03-30 08:08:06,Sports,view,desktop,0.0,1117,4,127.58
user_035,2024-03-30 09:58:21,Beauty,view,tablet,0.0,1189,11,80.15
user_039,2024-03-30 12:57:06,Beauty,view,tablet,0.0,926,12,37.89
user_046,2024-03-30 14:17:19,Books,view,desktop,0.0,676,2,148.57
user_084,2024-03-30 17:26:14,Food & Beverage,add_to_cart,desktop,0.0,43,13,648.53
user_047,2024-03-30 17:38:40,Clothing,view,mobile,0.0,1391,6,33.27
user_095,2024-03-30 18:06:27,Home & Garden,view,desktop,0.0,1789,2,56.65
user_002,2024-03-30 19:37:33,Toys,view,mobile,0.0,1190,10,116.53
user_088,2024-03-31 01:10:24,Electronics,purchase,desktop,241.11,1259,7,88.74
user_087,2024-03-31 01:15:47,Electronics,view,mobile,0.0,474,13,172.74
user_083,2024-03-31 01:33:06,Food & Beverage,view,tablet,0.0,533,9,107.57
user_038,2024-03-31 08:38:41,Toys,view,mobile,0.0,1797,6,149.57
user_086,2024-03-31 13:43:47,Books,remove_from_cart,mobile,0.0,56,9,21.29
user_054,2024-03-31 14:31:10,Clothing,add_to_cart,desktop,0.0,481,5,45.49
user_021,2024-03-31 14:54:36,Electronics,wishlist,mobile,0.0,313,14,140.62
user_060,2024-03-31 18:48:58,Home & Garden,view,desktop,0.0,622,9,98.11
user_040,2024-03-31 20:17:27,Toys,remove_from_cart,mobile,0.0,476,8,60.43
user_002,2024-03-31 21:33:49,Sports,wishlist,desktop,0.0,722,9,104.62
